relative_path,duration_sec,sample_rate_hz,channels,bit_depth,format,subtype,bytes,track,role,variant_type
01_奇异恩典/原曲_完整版.wav,72.802086168,44100,1,16,WAV,PCM_16,6421188,01_奇异恩典,reference,原曲_完整版
01_奇异恩典/标准旋律版.wav,72.802086168,44100,1,16,WAV,PCM_16,6421188,01_奇异恩典,reference,标准旋律版
01_奇异恩典/练习曲/01_音准走调.wav,72.802086168,44100,1,16,WAV,PCM_16,6421188,01_奇异恩典,practice variant,音准走调
01_奇异恩典/练习曲/02_节奏抢拖.wav,72.802086168,44100,1,16,WAV,PCM_16,6421188,01_奇异恩典,practice variant,节奏抢拖
01_奇异恩典/练习曲/03_气息不匀.wav,72.802086168,44100,1,16,WAV,PCM_16,6421188,01_奇异恩典,practice variant,气息不匀
01_奇异恩典/练习曲/04_错音.wav,72.802086168,44100,1,16,WAV,PCM_16,6421188,01_奇异恩典,practice variant,错音
01_奇异恩典/练习曲/05_漏音断句.wav,72.802086168,44100,1,16,WAV,PCM_16,6421188,01_奇异恩典,practice variant,漏音断句
02_绿袖子/原曲_完整版.wav,96.802086168,44100,1,16,WAV,PCM_16,8537988,02_绿袖子,reference,原曲_完整版
02_绿袖子/标准旋律版.wav,96.802086168,44100,1,16,WAV,PCM_16,8537988,02_绿袖子,reference,标准旋律版
02_绿袖子/练习曲/01_音准走调.wav,96.802086168,44100,1,16,WAV,PCM_16,8537988,02_绿袖子,practice variant,音准走调
02_绿袖子/练习曲/02_节奏抢拖.wav,96.802086168,44100,1,16,WAV,PCM_16,8537988,02_绿袖子,practice variant,节奏抢拖
02_绿袖子/练习曲/03_气息不匀.wav,96.802086168,44100,1,16,WAV,PCM_16,8537988,02_绿袖子,practice variant,气息不匀
02_绿袖子/练习曲/04_错音.wav,96.802086168,44100,1,16,WAV,PCM_16,8537988,02_绿袖子,practice variant,错音
02_绿袖子/练习曲/05_漏音断句.wav,96.802086168,44100,1,16,WAV,PCM_16,8537988,02_绿袖子,practice variant,漏音断句
03_友谊地久天长/原曲_完整版.wav,80.381904762,44100,1,16,WAV,PCM_16,7089728,03_友谊地久天长,reference,原曲_完整版
03_友谊地久天长/标准旋律版.wav,80.381904762,44100,1,16,WAV,PCM_16,7089728,03_友谊地久天长,reference,标准旋律版
03_友谊地久天长/练习曲/01_音准走调.wav,80.381904762,44100,1,16,WAV,PCM_16,7089728,03_友谊地久天长,practice variant,音准走调
03_友谊地久天长/练习曲/02_节奏抢拖.wav,80.381904762,44100,1,16,WAV,PCM_16,7089728,03_友谊地久天长,practice variant,节奏抢拖
03_友谊地久天长/练习曲/03_气息不匀.wav,80.381904762,44100,1,16,WAV,PCM_16,7089728,03_友谊地久天长,practice variant,气息不匀
03_友谊地久天长/练习曲/04_错音.wav,80.381904762,44100,1,16,WAV,PCM_16,7089728,03_友谊地久天长,practice variant,错音
03_友谊地久天长/练习曲/05_漏音断句.wav,80.381904762,44100,1,16,WAV,PCM_16,7089728,03_友谊地久天长,practice variant,漏音断句
04_欢乐颂/原曲_完整版.wav,77.600000000,44100,1,16,WAV,PCM_16,6844364,04_欢乐颂,reference,原曲_完整版
04_欢乐颂/标准旋律版.wav,77.600000000,44100,1,16,WAV,PCM_16,6844364,04_欢乐颂,reference,标准旋律版
04_欢乐颂/练习曲/01_音准走调.wav,77.600000000,44100,1,16,WAV,PCM_16,6844364,04_欢乐颂,practice variant,音准走调
04_欢乐颂/练习曲/02_节奏抢拖.wav,77.600000000,44100,1,16,WAV,PCM_16,6844364,04_欢乐颂,practice variant,节奏抢拖
04_欢乐颂/练习曲/03_气息不匀.wav,77.600000000,44100,1,16,WAV,PCM_16,6844364,04_欢乐颂,practice variant,气息不匀
04_欢乐颂/练习曲/04_错音.wav,77.600000000,44100,1,16,WAV,PCM_16,6844364,04_欢乐颂,practice variant,错音
04_欢乐颂/练习曲/05_漏音断句.wav,77.600000000,44100,1,16,WAV,PCM_16,6844364,04_欢乐颂,practice variant,漏音断句
05_圣诞佳音/原曲_完整版.wav,72.802086168,44100,1,16,WAV,PCM_16,6421188,05_圣诞佳音,reference,原曲_完整版
05_圣诞佳音/标准旋律版.wav,72.802086168,44100,1,16,WAV,PCM_16,6421188,05_圣诞佳音,reference,标准旋律版
05_圣诞佳音/练习曲/01_音准走调.wav,72.802086168,44100,1,16,WAV,PCM_16,6421188,05_圣诞佳音,practice variant,音准走调
05_圣诞佳音/练习曲/02_节奏抢拖.wav,72.802086168,44100,1,16,WAV,PCM_16,6421188,05_圣诞佳音,practice variant,节奏抢拖
05_圣诞佳音/练习曲/03_气息不匀.wav,72.802086168,44100,1,16,WAV,PCM_16,6421188,05_圣诞佳音,practice variant,气息不匀
05_圣诞佳音/练习曲/04_错音.wav,72.802086168,44100,1,16,WAV,PCM_16,6421188,05_圣诞佳音,practice variant,错音
05_圣诞佳音/练习曲/05_漏音断句.wav,72.802086168,44100,1,16,WAV,PCM_16,6421188,05_圣诞佳音,practice variant,漏音断句
06_甜蜜的家/原曲_完整版.wav,64.798548753,44100,1,16,WAV,PCM_16,5715276,06_甜蜜的家,reference,原曲_完整版
06_甜蜜的家/标准旋律版.wav,64.798548753,44100,1,16,WAV,PCM_16,5715276,06_甜蜜的家,reference,标准旋律版
06_甜蜜的家/练习曲/01_音准走调.wav,64.798548753,44100,1,16,WAV,PCM_16,5715276,06_甜蜜的家,practice variant,音准走调
06_甜蜜的家/练习曲/02_节奏抢拖.wav,64.798548753,44100,1,16,WAV,PCM_16,5715276,06_甜蜜的家,practice variant,节奏抢拖
06_甜蜜的家/练习曲/03_气息不匀.wav,64.798548753,44100,1,16,WAV,PCM_16,5715276,06_甜蜜的家,practice variant,气息不匀
06_甜蜜的家/练习曲/04_错音.wav,64.798548753,44100,1,16,WAV,PCM_16,5715276,06_甜蜜的家,practice variant,错音
06_甜蜜的家/练习曲/05_漏音断句.wav,64.798548753,44100,1,16,WAV,PCM_16,5715276,06_甜蜜的家,practice variant,漏音断句
07_勃拉姆斯摇篮曲/原曲_完整版.wav,51.302086168,44100,1,16,WAV,PCM_16,4524888,07_勃拉姆斯摇篮曲,reference,原曲_完整版
07_勃拉姆斯摇篮曲/标准旋律版.wav,51.302086168,44100,1,16,WAV,PCM_16,4524888,07_勃拉姆斯摇篮曲,reference,标准旋律版
07_勃拉姆斯摇篮曲/练习曲/01_音准走调.wav,51.302086168,44100,1,16,WAV,PCM_16,4524888,07_勃拉姆斯摇篮曲,practice variant,音准走调
07_勃拉姆斯摇篮曲/练习曲/02_节奏抢拖.wav,51.302086168,44100,1,16,WAV,PCM_16,4524888,07_勃拉姆斯摇篮曲,practice variant,节奏抢拖
07_勃拉姆斯摇篮曲/练习曲/03_气息不匀.wav,51.302086168,44100,1,16,WAV,PCM_16,4524888,07_勃拉姆斯摇篮曲,practice variant,气息不匀
07_勃拉姆斯摇篮曲/练习曲/04_错音.wav,51.302086168,44100,1,16,WAV,PCM_16,4524888,07_勃拉姆斯摇篮曲,practice variant,错音
07_勃拉姆斯摇篮曲/练习曲/05_漏音断句.wav,51.302086168,44100,1,16,WAV,PCM_16,4524888,07_勃拉姆斯摇篮曲,practice variant,漏音断句
08_我亲爱的/原曲_完整版.wav,78.800770975,44100,1,16,WAV,PCM_16,6950272,08_我亲爱的,reference,原曲_完整版
08_我亲爱的/标准旋律版.wav,78.800770975,44100,1,16,WAV,PCM_16,6950272,08_我亲爱的,reference,标准旋律版
08_我亲爱的/练习曲/01_音准走调.wav,78.800770975,44100,1,16,WAV,PCM_16,6950272,08_我亲爱的,practice variant,音准走调
08_我亲爱的/练习曲/02_节奏抢拖.wav,78.800770975,44100,1,16,WAV,PCM_16,6950272,08_我亲爱的,practice variant,节奏抢拖
08_我亲爱的/练习曲/03_气息不匀.wav,78.800770975,44100,1,16,WAV,PCM_16,6950272,08_我亲爱的,practice variant,气息不匀
08_我亲爱的/练习曲/04_错音.wav,78.800770975,44100,1,16,WAV,PCM_16,6950272,08_我亲爱的,practice variant,错音
08_我亲爱的/练习曲/05_漏音断句.wav,78.800770975,44100,1,16,WAV,PCM_16,6950272,08_我亲爱的,practice variant,漏音断句
09_故乡的亲人/原曲_完整版.wav,95.802086168,44100,1,16,WAV,PCM_16,8449788,09_故乡的亲人,reference,原曲_完整版
09_故乡的亲人/标准旋律版.wav,95.802086168,44100,1,16,WAV,PCM_16,8449788,09_故乡的亲人,reference,标准旋律版
09_故乡的亲人/练习曲/01_音准走调.wav,95.802086168,44100,1,16,WAV,PCM_16,8449788,09_故乡的亲人,practice variant,音准走调
09_故乡的亲人/练习曲/02_节奏抢拖.wav,95.802086168,44100,1,16,WAV,PCM_16,8449788,09_故乡的亲人,practice variant,节奏抢拖
09_故乡的亲人/练习曲/03_气息不匀.wav,95.802086168,44100,1,16,WAV,PCM_16,8449788,09_故乡的亲人,practice variant,气息不匀
09_故乡的亲人/练习曲/04_错音.wav,95.802086168,44100,1,16,WAV,PCM_16,8449788,09_故乡的亲人,practice variant,错音
09_故乡的亲人/练习曲/05_漏音断句.wav,95.802086168,44100,1,16,WAV,PCM_16,8449788,09_故乡的亲人,practice variant,漏音断句
10_艰难时光/原曲_完整版.wav,54.131927438,44100,1,16,WAV,PCM_16,4774480,10_艰难时光,reference,原曲_完整版
10_艰难时光/标准旋律版.wav,54.131927438,44100,1,16,WAV,PCM_16,4774480,10_艰难时光,reference,标准旋律版
10_艰难时光/练习曲/01_音准走调.wav,54.131927438,44100,1,16,WAV,PCM_16,4774480,10_艰难时光,practice variant,音准走调
10_艰难时光/练习曲/02_节奏抢拖.wav,54.131927438,44100,1,16,WAV,PCM_16,4774480,10_艰难时光,practice variant,节奏抢拖
10_艰难时光/练习曲/03_气息不匀.wav,54.131927438,44100,1,16,WAV,PCM_16,4774480,10_艰难时光,practice variant,气息不匀
10_艰难时光/练习曲/04_错音.wav,54.131927438,44100,1,16,WAV,PCM_16,4774480,10_艰难时光,practice variant,错音
10_艰难时光/练习曲/05_漏音断句.wav,54.131927438,44100,1,16,WAV,PCM_16,4774480,10_艰难时光,practice variant,漏音断句
