编号,曲名,时长秒,音数,最低音,最高音,BPM,移调,许可,练习曲数,质检
01,奇异恩典,72.802,115,C4,D5,60.0,4,CC BY-SA 3.0,5,通过
02,绿袖子,96.802,142,C4,D#5,60.0,1,Public Domain,5,通过
03,友谊地久天长,80.382,174,F4,C6,72.0,-2,Public Domain,5,通过
04,欢乐颂,77.6,134,D4,D5,100.0,0,Public Domain,5,通过
05,圣诞佳音,72.802,73,D4,D5,60.0,0,Public Domain,5,通过
06,甜蜜的家,64.799,75,F4,F5,90.0,0,Public Domain,5,通过
07,勃拉姆斯摇篮曲,51.302,54,D#4,D#5,60.0,0,Public Domain,5,通过
08,我亲爱的,78.801,110,C#4,E5,80.0,0,Public Domain,5,通过
09,故乡的亲人,95.802,117,C4,C6,60.0,13,CC BY-SA 3.0,5,通过
10,艰难时光,54.132,82,D#4,D#5,72.0,0,Public Domain,5,通过
